{
    "RMSE": 1043.3197413170744,
    "MAE": 730.5846084736974,
    "R2_Score": 0.5995113794697189
}